<ImportExportXml version="9.2.25081.226" SolutionPackageVersion="9.2" languagecode="1033" generatedBy="CrmLive" xmlns:xsi="http://www.w3.org/2001/XMLSchema-instance" OrganizationVersion="9.2.25081.226" OrganizationSchemaType="Standard" CRMServerServiceabilityVersion="9.2.25081.00226">
  <SolutionManifest>
    <UniqueName>MiniCRMcontractsandapprovals</UniqueName>
    <LocalizedNames>
      <LocalizedName description="MiniCRM - contracts and approvals" languagecode="1033" />
    </LocalizedNames>
    <Descriptions />
    <Version>1.0.0.6</Version>
    <Managed>0</Managed>
    <Publisher>
      <UniqueName>DefaultPublisherphbdev</UniqueName>
      <LocalizedNames>
        <LocalizedName description="Default Publisher for phb-dev" languagecode="1033" />
      </LocalizedNames>
      <Descriptions>
        <Description description="Default publisher for this organization" languagecode="1033" />
      </Descriptions>
      <EMailAddress xsi:nil="true"></EMailAddress>
      <SupportingWebsiteUrl xsi:nil="true"></SupportingWebsiteUrl>
      <CustomizationPrefix>new</CustomizationPrefix>
      <CustomizationOptionValuePrefix>10000</CustomizationOptionValuePrefix>
      <Addresses>
        <Address>
          <AddressNumber>1</AddressNumber>
          <AddressTypeCode xsi:nil="true"></AddressTypeCode>
          <City xsi:nil="true"></City>
          <County xsi:nil="true"></County>
          <Country xsi:nil="true"></Country>
          <Fax xsi:nil="true"></Fax>
          <FreightTermsCode xsi:nil="true"></FreightTermsCode>
          <ImportSequenceNumber xsi:nil="true"></ImportSequenceNumber>
          <Latitude xsi:nil="true"></Latitude>
          <Line1 xsi:nil="true"></Line1>
          <Line2 xsi:nil="true"></Line2>
          <Line3 xsi:nil="true"></Line3>
          <Longitude xsi:nil="true"></Longitude>
          <Name xsi:nil="true"></Name>
          <PostalCode xsi:nil="true"></PostalCode>
          <PostOfficeBox xsi:nil="true"></PostOfficeBox>
          <PrimaryContactName xsi:nil="true"></PrimaryContactName>
          <ShippingMethodCode xsi:nil="true"></ShippingMethodCode>
          <StateOrProvince xsi:nil="true"></StateOrProvince>
          <Telephone1 xsi:nil="true"></Telephone1>
          <Telephone2 xsi:nil="true"></Telephone2>
          <Telephone3 xsi:nil="true"></Telephone3>
          <TimeZoneRuleVersionNumber xsi:nil="true"></TimeZoneRuleVersionNumber>
          <UPSZone xsi:nil="true"></UPSZone>
          <UTCOffset xsi:nil="true"></UTCOffset>
          <UTCConversionTimeZoneCode xsi:nil="true"></UTCConversionTimeZoneCode>
        </Address>
        <Address>
          <AddressNumber>2</AddressNumber>
          <AddressTypeCode xsi:nil="true"></AddressTypeCode>
          <City xsi:nil="true"></City>
          <County xsi:nil="true"></County>
          <Country xsi:nil="true"></Country>
          <Fax xsi:nil="true"></Fax>
          <FreightTermsCode xsi:nil="true"></FreightTermsCode>
          <ImportSequenceNumber xsi:nil="true"></ImportSequenceNumber>
          <Latitude xsi:nil="true"></Latitude>
          <Line1 xsi:nil="true"></Line1>
          <Line2 xsi:nil="true"></Line2>
          <Line3 xsi:nil="true"></Line3>
          <Longitude xsi:nil="true"></Longitude>
          <Name xsi:nil="true"></Name>
          <PostalCode xsi:nil="true"></PostalCode>
          <PostOfficeBox xsi:nil="true"></PostOfficeBox>
          <PrimaryContactName xsi:nil="true"></PrimaryContactName>
          <ShippingMethodCode xsi:nil="true"></ShippingMethodCode>
          <StateOrProvince xsi:nil="true"></StateOrProvince>
          <Telephone1 xsi:nil="true"></Telephone1>
          <Telephone2 xsi:nil="true"></Telephone2>
          <Telephone3 xsi:nil="true"></Telephone3>
          <TimeZoneRuleVersionNumber xsi:nil="true"></TimeZoneRuleVersionNumber>
          <UPSZone xsi:nil="true"></UPSZone>
          <UTCOffset xsi:nil="true"></UTCOffset>
          <UTCConversionTimeZoneCode xsi:nil="true"></UTCConversionTimeZoneCode>
        </Address>
      </Addresses>
    </Publisher>
    <RootComponents>
      <RootComponent type="1" schemaName="contact" behavior="0" />
      <RootComponent type="1" schemaName="new_client" behavior="0" />
      <RootComponent type="1" schemaName="new_order" behavior="0" />
      <RootComponent type="1" schemaName="new_skill" behavior="0" />
      <RootComponent type="1" schemaName="new_worker" behavior="0" />
      <RootComponent type="1" schemaName="new_workitem" behavior="0" />
      <RootComponent type="1" schemaName="systemuser" behavior="0" />
      <RootComponent type="9" schemaName="new_clientimportancelevel" behavior="0" />
      <RootComponent type="9" schemaName="new_contactrole" behavior="0" />
      <RootComponent type="9" schemaName="new_country" behavior="0" />
      <RootComponent type="9" schemaName="new_department" behavior="0" />
      <RootComponent type="9" schemaName="new_orderstatus" behavior="0" />
      <RootComponent type="9" schemaName="new_skilllevel" behavior="0" />
      <RootComponent type="9" schemaName="new_skillsategory" behavior="0" />
      <RootComponent type="9" schemaName="new_workerposition" behavior="0" />
      <RootComponent type="9" schemaName="new_workiitemstatus" behavior="0" />
      <RootComponent type="60" id="{7c5d173a-8182-f011-b4cc-7ced8d14201a}" behavior="0" />
      <RootComponent type="60" id="{d97bc0f0-8082-f011-b4cc-7ced8d14201a}" behavior="0" />
      <RootComponent type="60" id="{fe52bd31-6d82-f011-b4cc-6045bdf6050e}" behavior="0" />
      <RootComponent type="61" schemaName="new_client_events.js" behavior="0" />
      <RootComponent type="61" schemaName="new_order_events.js" behavior="0" />
      <RootComponent type="62" schemaName="new_MiniCRM" behavior="0" />
      <RootComponent type="80" schemaName="new_MiniCRM" behavior="0" />
      <RootComponent type="91" id="{77035449-d31d-4340-9a17-46ff91c14afa}" schemaName="MiniCRM.Order, Version=1.0.0.0, Culture=neutral, PublicKeyToken=d6390dd875230a57" behavior="0" />
      <RootComponent type="92" id="{acdb0adc-d587-f011-b4cc-6045bdf6050e}" behavior="0" />
    </RootComponents>
    <MissingDependencies>
      <MissingDependency>
        <Required type="1" schemaName="adx_externalidentity" displayName="External Identity" solution="PowerPages_RuntimeCore (1.0.2407.1)">
          <package appName="Power Pages Core Package" version="1.0.2506.181">PowerPages_Core (1.0.2506.181)</package>
        </Required>
        <Dependent type="1" schemaName="contact" displayName="Contact" />
      </MissingDependency>
      <MissingDependency>
        <Required type="1" schemaName="adx_invitation" displayName="Invitation" solution="PowerPages_RuntimeCore (1.0.2407.1)">
          <package appName="Power Pages Core Package" version="1.0.2506.181">PowerPages_Core (1.0.2506.181)</package>
        </Required>
        <Dependent type="1" schemaName="contact" displayName="Contact" />
      </MissingDependency>
      <MissingDependency>
        <Required type="1" schemaName="adx_webformsession" displayName="Multistep Form Session" solution="PowerPages_RuntimeCore (1.0.2407.1)">
          <package appName="Power Pages Core Package" version="1.0.2506.181">PowerPages_Core (1.0.2506.181)</package>
        </Required>
        <Dependent type="1" schemaName="contact" displayName="Contact" />
      </MissingDependency>
      <MissingDependency>
        <Required type="1" schemaName="adx_webformsession" displayName="Multistep Form Session" solution="PowerPages_RuntimeCore (1.0.2407.1)">
          <package appName="Power Pages Core Package" version="1.0.2506.181">PowerPages_Core (1.0.2506.181)</package>
        </Required>
        <Dependent type="1" schemaName="systemuser" displayName="User" />
      </MissingDependency>
      <MissingDependency>
        <Required type="1" schemaName="appusersetting" displayName="Model-Driven App User Setting" solution="AppModule (9.2.2507.2507161)">
          <package appName="AppModule" version="9.2.2507.2507161">AppModuleSolutionAnchor (9.2.2507.2507161)</package>
        </Required>
        <Dependent type="1" schemaName="systemuser" displayName="User" />
      </MissingDependency>
      <MissingDependency>
        <Required type="1" schemaName="bot" displayName="Copilot" solution="PowerVirtualAgents (2025.7.2.17656321)">
          <package appName="CCI Bots" version="2025.7.2.17656321">msdynce_CustomerCareIntelligenceBots_Anchor (2025.7.2.17656321)</package>
        </Required>
        <Dependent type="1" schemaName="systemuser" displayName="User" />
      </MissingDependency>
      <MissingDependency>
        <Required type="1" schemaName="componentversion" displayName="Component Version" solution="msdyn_ComponentVersioning (9.1.0.196)">
          <package appName="Component Versioning Package" version="9.1.0.196">ComponentVersioning_Anchor (9.1.0.196)</package>
        </Required>
        <Dependent type="1" schemaName="systemuser" displayName="User" />
      </MissingDependency>
      <MissingDependency>
        <Required type="1" schemaName="mbs_pluginprofile" displayName="Plug-in Profile" solution="PluginProfiler (2.0.0.0)" />
        <Dependent type="1" schemaName="systemuser" displayName="User" />
      </MissingDependency>
      <MissingDependency>
        <Required type="1" schemaName="msfp_survey" displayName="Customer Voice survey" solution="MicrosoftFormsPro (2.0.0.58)">
          <package appName="Forms Pro" version="2.0.0.58">MicrosoftFormsPro (2.0.0.58)</package>
        </Required>
        <Dependent type="1" schemaName="systemuser" displayName="User" />
      </MissingDependency>
      <MissingDependency>
        <Required type="1" schemaName="mspp_adplacement" displayName="Ad Placement" solution="PowerPages_Apps (1.0.2505.1)">
          <package appName="Power Pages Core Package" version="1.0.2506.181">PowerPages_Core (1.0.2506.181)</package>
        </Required>
        <Dependent type="1" schemaName="systemuser" displayName="User" />
      </MissingDependency>
      <MissingDependency>
        <Required type="1" schemaName="mspp_columnpermission" displayName="Column Permission" solution="PowerPages_Apps (1.0.2505.1)">
          <package appName="Power Pages Core Package" version="1.0.2506.181">PowerPages_Core (1.0.2506.181)</package>
        </Required>
        <Dependent type="1" schemaName="systemuser" displayName="User" />
      </MissingDependency>
      <MissingDependency>
        <Required type="1" schemaName="mspp_columnpermissionprofile" displayName="Column Permission Profile" solution="PowerPages_Apps (1.0.2505.1)">
          <package appName="Power Pages Core Package" version="1.0.2506.181">PowerPages_Core (1.0.2506.181)</package>
        </Required>
        <Dependent type="1" schemaName="systemuser" displayName="User" />
      </MissingDependency>
      <MissingDependency>
        <Required type="1" schemaName="mspp_contentsnippet" displayName="Content Snippet" solution="PowerPages_Apps (1.0.2505.1)">
          <package appName="Power Pages Core Package" version="1.0.2506.181">PowerPages_Core (1.0.2506.181)</package>
        </Required>
        <Dependent type="1" schemaName="systemuser" displayName="User" />
      </MissingDependency>
      <MissingDependency>
        <Required type="1" schemaName="mspp_entityform" displayName="Basic Form" solution="PowerPages_Apps (1.0.2505.1)">
          <package appName="Power Pages Core Package" version="1.0.2506.181">PowerPages_Core (1.0.2506.181)</package>
        </Required>
        <Dependent type="1" schemaName="systemuser" displayName="User" />
      </MissingDependency>
      <MissingDependency>
        <Required type="1" schemaName="mspp_entityformmetadata" displayName="Basic Form Metadata" solution="PowerPages_Apps (1.0.2505.1)">
          <package appName="Power Pages Core Package" version="1.0.2506.181">PowerPages_Core (1.0.2506.181)</package>
        </Required>
        <Dependent type="1" schemaName="systemuser" displayName="User" />
      </MissingDependency>
      <MissingDependency>
        <Required type="1" schemaName="mspp_entitylist" displayName="List" solution="PowerPages_Apps (1.0.2505.1)">
          <package appName="Power Pages Core Package" version="1.0.2506.181">PowerPages_Core (1.0.2506.181)</package>
        </Required>
        <Dependent type="1" schemaName="systemuser" displayName="User" />
      </MissingDependency>
      <MissingDependency>
        <Required type="1" schemaName="mspp_entitypermission" displayName="Table Permission" solution="PowerPages_Apps (1.0.2505.1)">
          <package appName="Power Pages Core Package" version="1.0.2506.181">PowerPages_Core (1.0.2506.181)</package>
        </Required>
        <Dependent type="1" schemaName="systemuser" displayName="User" />
      </MissingDependency>
      <MissingDependency>
        <Required type="1" schemaName="mspp_pagetemplate" displayName="Page Template" solution="PowerPages_Apps (1.0.2505.1)">
          <package appName="Power Pages Core Package" version="1.0.2506.181">PowerPages_Core (1.0.2506.181)</package>
        </Required>
        <Dependent type="1" schemaName="systemuser" displayName="User" />
      </MissingDependency>
      <MissingDependency>
        <Required type="1" schemaName="mspp_pollplacement" displayName="Poll Placement" solution="PowerPages_Apps (1.0.2505.1)">
          <package appName="Power Pages Core Package" version="1.0.2506.181">PowerPages_Core (1.0.2506.181)</package>
        </Required>
        <Dependent type="1" schemaName="systemuser" displayName="User" />
      </MissingDependency>
      <MissingDependency>
        <Required type="1" schemaName="mspp_publishingstate" displayName="Publishing State" solution="PowerPages_Apps (1.0.2505.1)">
          <package appName="Power Pages Core Package" version="1.0.2506.181">PowerPages_Core (1.0.2506.181)</package>
        </Required>
        <Dependent type="1" schemaName="systemuser" displayName="User" />
      </MissingDependency>
      <MissingDependency>
        <Required type="1" schemaName="mspp_publishingstatetransitionrule" displayName="Publishing State Transition Rule" solution="PowerPages_Apps (1.0.2505.1)">
          <package appName="Power Pages Core Package" version="1.0.2506.181">PowerPages_Core (1.0.2506.181)</package>
        </Required>
        <Dependent type="1" schemaName="systemuser" displayName="User" />
      </MissingDependency>
      <MissingDependency>
        <Required type="1" schemaName="mspp_redirect" displayName="Redirect" solution="PowerPages_Apps (1.0.2505.1)">
          <package appName="Power Pages Core Package" version="1.0.2506.181">PowerPages_Core (1.0.2506.181)</package>
        </Required>
        <Dependent type="1" schemaName="systemuser" displayName="User" />
      </MissingDependency>
      <MissingDependency>
        <Required type="1" schemaName="mspp_shortcut" displayName="Shortcut" solution="PowerPages_Apps (1.0.2505.1)">
          <package appName="Power Pages Core Package" version="1.0.2506.181">PowerPages_Core (1.0.2506.181)</package>
        </Required>
        <Dependent type="1" schemaName="systemuser" displayName="User" />
      </MissingDependency>
      <MissingDependency>
        <Required type="1" schemaName="mspp_sitemarker" displayName="Site Marker" solution="PowerPages_Apps (1.0.2505.1)">
          <package appName="Power Pages Core Package" version="1.0.2506.181">PowerPages_Core (1.0.2506.181)</package>
        </Required>
        <Dependent type="1" schemaName="systemuser" displayName="User" />
      </MissingDependency>
      <MissingDependency>
        <Required type="1" schemaName="mspp_sitesetting" displayName="Site Setting" solution="PowerPages_Apps (1.0.2505.1)">
          <package appName="Power Pages Core Package" version="1.0.2506.181">PowerPages_Core (1.0.2506.181)</package>
        </Required>
        <Dependent type="1" schemaName="systemuser" displayName="User" />
      </MissingDependency>
      <MissingDependency>
        <Required type="1" schemaName="mspp_webfile" displayName="Web File" solution="PowerPages_Apps (1.0.2505.1)">
          <package appName="Power Pages Core Package" version="1.0.2506.181">PowerPages_Core (1.0.2506.181)</package>
        </Required>
        <Dependent type="1" schemaName="systemuser" displayName="User" />
      </MissingDependency>
      <MissingDependency>
        <Required type="1" schemaName="mspp_webform" displayName="Multistep Form" solution="PowerPages_Apps (1.0.2505.1)">
          <package appName="Power Pages Core Package" version="1.0.2506.181">PowerPages_Core (1.0.2506.181)</package>
        </Required>
        <Dependent type="1" schemaName="systemuser" displayName="User" />
      </MissingDependency>
      <MissingDependency>
        <Required type="1" schemaName="mspp_webformmetadata" displayName="Multistep Form Metadata" solution="PowerPages_Apps (1.0.2505.1)">
          <package appName="Power Pages Core Package" version="1.0.2506.181">PowerPages_Core (1.0.2506.181)</package>
        </Required>
        <Dependent type="1" schemaName="systemuser" displayName="User" />
      </MissingDependency>
      <MissingDependency>
        <Required type="1" schemaName="mspp_webformstep" displayName="Form Step" solution="PowerPages_Apps (1.0.2505.1)">
          <package appName="Power Pages Core Package" version="1.0.2506.181">PowerPages_Core (1.0.2506.181)</package>
        </Required>
        <Dependent type="1" schemaName="systemuser" displayName="User" />
      </MissingDependency>
      <MissingDependency>
        <Required type="1" schemaName="mspp_weblink" displayName="Web Link" solution="PowerPages_Apps (1.0.2505.1)">
          <package appName="Power Pages Core Package" version="1.0.2506.181">PowerPages_Core (1.0.2506.181)</package>
        </Required>
        <Dependent type="1" schemaName="systemuser" displayName="User" />
      </MissingDependency>
      <MissingDependency>
        <Required type="1" schemaName="mspp_weblinkset" displayName="Web Link Set" solution="PowerPages_Apps (1.0.2505.1)">
          <package appName="Power Pages Core Package" version="1.0.2506.181">PowerPages_Core (1.0.2506.181)</package>
        </Required>
        <Dependent type="1" schemaName="systemuser" displayName="User" />
      </MissingDependency>
      <MissingDependency>
        <Required type="1" schemaName="mspp_webpage" displayName="Web Page" solution="PowerPages_Apps (1.0.2505.1)">
          <package appName="Power Pages Core Package" version="1.0.2506.181">PowerPages_Core (1.0.2506.181)</package>
        </Required>
        <Dependent type="1" schemaName="systemuser" displayName="User" />
      </MissingDependency>
      <MissingDependency>
        <Required type="1" schemaName="mspp_webpageaccesscontrolrule" displayName="Web Page Access Control Rule" solution="PowerPages_Apps (1.0.2505.1)">
          <package appName="Power Pages Core Package" version="1.0.2506.181">PowerPages_Core (1.0.2506.181)</package>
        </Required>
        <Dependent type="1" schemaName="systemuser" displayName="User" />
      </MissingDependency>
      <MissingDependency>
        <Required type="1" schemaName="mspp_webrole" displayName="Web Role" solution="PowerPages_Apps (1.0.2505.1)">
          <package appName="Power Pages Core Package" version="1.0.2506.181">PowerPages_Core (1.0.2506.181)</package>
        </Required>
        <Dependent type="1" schemaName="systemuser" displayName="User" />
      </MissingDependency>
      <MissingDependency>
        <Required type="1" schemaName="mspp_website" displayName="Website" solution="PowerPages_Apps (1.0.2505.1)">
          <package appName="Power Pages Core Package" version="1.0.2506.181">PowerPages_Core (1.0.2506.181)</package>
        </Required>
        <Dependent type="1" schemaName="systemuser" displayName="User" />
      </MissingDependency>
      <MissingDependency>
        <Required type="1" schemaName="mspp_websiteaccess" displayName="Website Access" solution="PowerPages_Apps (1.0.2505.1)">
          <package appName="Power Pages Core Package" version="1.0.2506.181">PowerPages_Core (1.0.2506.181)</package>
        </Required>
        <Dependent type="1" schemaName="systemuser" displayName="User" />
      </MissingDependency>
      <MissingDependency>
        <Required type="1" schemaName="mspp_websitelanguage" displayName="Website Language" solution="PowerPages_Apps (1.0.2505.1)">
          <package appName="Power Pages Core Package" version="1.0.2506.181">PowerPages_Core (1.0.2506.181)</package>
        </Required>
        <Dependent type="1" schemaName="systemuser" displayName="User" />
      </MissingDependency>
      <MissingDependency>
        <Required type="1" schemaName="mspp_webtemplate" displayName="Web Template" solution="PowerPages_Apps (1.0.2505.1)">
          <package appName="Power Pages Core Package" version="1.0.2506.181">PowerPages_Core (1.0.2506.181)</package>
        </Required>
        <Dependent type="1" schemaName="systemuser" displayName="User" />
      </MissingDependency>
      <MissingDependency>
        <Required type="1" schemaName="new_performancemetric" displayName="Performance Metric" solution="Active" />
        <Dependent type="1" schemaName="systemuser" displayName="User" />
      </MissingDependency>
      <MissingDependency>
        <Required type="1" schemaName="new_salestarget" displayName="Sales Target" solution="Active" />
        <Dependent type="1" schemaName="systemuser" displayName="User" />
      </MissingDependency>
      <MissingDependency>
        <Required type="1" schemaName="new_territory" displayName="Territory" solution="Active" />
        <Dependent type="1" schemaName="systemuser" displayName="User" />
      </MissingDependency>
      <MissingDependency>
        <Required type="1" schemaName="nvr_generalactivity" displayName="General Activity" solution="Active" />
        <Dependent type="1" schemaName="systemuser" displayName="User" />
      </MissingDependency>
      <MissingDependency>
        <Required type="1" schemaName="nvr_generalactivitytype" displayName="General Activity Type" solution="Active" />
        <Dependent type="1" schemaName="systemuser" displayName="User" />
      </MissingDependency>
      <MissingDependency>
        <Required type="1" schemaName="powerpagessiteaifeedback" displayName="Power Pages Site AI Feedback" solution="PowerPages_RuntimeExtensions (1.1.2501.1)">
          <package appName="Power Pages Core Package" version="1.0.2506.181">PowerPages_Core (1.0.2506.181)</package>
        </Required>
        <Dependent type="1" schemaName="contact" displayName="Contact" />
      </MissingDependency>
      <MissingDependency>
        <Required type="1" schemaName="sa_suggestedaction" displayName="Suggested Action" solution="msdyn_SuggestedAction (1.0.0.2)">
          <package appName="PowerAppsAppCopilotApp Package" version="1.0.0.2">msdyn_SuggestedAction (1.0.0.2)</package>
        </Required>
        <Dependent type="1" schemaName="systemuser" displayName="User" />
      </MissingDependency>
      <MissingDependency>
        <Required type="1" schemaName="usermobileofflineprofilemembership" displayName="UserMobileOfflineProfileMembership" solution="MobileOfflineMembership (1.0.0.3)">
          <package appName="MobileOfflineExtensionApp Package" version="1.0.0.0">MobileOfflineExtensionApp_Anchor (1.0.0.0)</package>
        </Required>
        <Dependent type="1" schemaName="systemuser" displayName="User" />
      </MissingDependency>
      <MissingDependency>
        <Required type="26" schemaName="All Contacts" displayName="All Contacts" parentSchemaName="contact" parentDisplayName="Contact" solution="msdynce_AppCommon (9.0.4.0066)" id="{0d5d377b-5e7c-47b5-bab1-a5cb8b4ac105}">
          <package appName="msdynce_AppCommon" version="9.0.25081.10002">msdynce_AppCommonAnchor (9.0.25081.10002)</package>
        </Required>
        <Dependent type="26" schemaName="All Contacts" displayName="All Contacts" parentSchemaName="contact" parentDisplayName="Contact" id="{0d5d377b-5e7c-47b5-bab1-a5cb8b4ac105}" />
      </MissingDependency>
      <MissingDependency>
        <Required type="60" displayName="Contact" parentDisplayName="Contact" solution="msdynce_AppCommon (9.0.4.0066)" id="{1fed44d1-ae68-4a41-bd2b-f13acac4acfa}">
          <package appName="msdynce_AppCommon" version="9.0.25081.10002">msdynce_AppCommonAnchor (9.0.25081.10002)</package>
        </Required>
        <Dependent type="60" displayName="Contact" parentDisplayName="Contact" id="{1fed44d1-ae68-4a41-bd2b-f13acac4acfa}" />
      </MissingDependency>
      <MissingDependency>
        <Required type="61" schemaName="msdyn_/Images/AppModule_Default_Icon.png" displayName="msdyn_/Images/AppModule_Default_Icon.png" solution="AppModuleWebResources (2.5)">
          <package appName="AppModule Web Resources Package" version="2.5">AppModuleWebResources (2.5)</package>
        </Required>
        <Dependent type="80" schemaName="new_MiniCRM" displayName="MiniCRM" />
      </MissingDependency>
      <MissingDependency>
        <Required type="SettingDefinition" displayName="AppChannel" solution="msdyn_AppFrameworkInfraExtensions (1.0.0.15)" id.uniquename="AppChannel">
          <package appName="PowerAppsAppFramework Package" version="1.0.0.21">PowerAppsAppFramework_Anchor (1.0.0.21)</package>
        </Required>
        <Dependent type="AppSetting" displayName="parentappmoduleid.uniquename=new_MiniCRM,settingdefinitionid.uniquename=AppChannel" id.parentappmoduleid.uniquename="new_MiniCRM" id.settingdefinitionid.uniquename="AppChannel" />
      </MissingDependency>
    </MissingDependencies>
  </SolutionManifest>
</ImportExportXml>